Item,Label
ubuntu_chrome_discord_1000.pcap,discord
ubuntu_chrome_discord_1002.pcap,discord
ubuntu_chrome_discord_1003.pcap,discord
ubuntu_chrome_discord_1004.pcap,discord
ubuntu_chrome_discord_1006.pcap,discord
ubuntu_chrome_discord_1007.pcap,discord
ubuntu_chrome_discord_1008.pcap,discord
ubuntu_chrome_discord_1009.pcap,discord
ubuntu_chrome_discord_1013.pcap,discord
ubuntu_chrome_discord_1019.pcap,discord
ubuntu_chrome_discord_1020.pcap,discord
ubuntu_chrome_discord_1024.pcap,discord
ubuntu_chrome_discord_1025.pcap,discord
ubuntu_chrome_discord_1027.pcap,discord
ubuntu_chrome_discord_1029.pcap,discord
ubuntu_chrome_discord_1031.pcap,discord
ubuntu_chrome_discord_1037.pcap,discord
ubuntu_chrome_discord_104.pcap,discord
ubuntu_chrome_discord_1045.pcap,discord
ubuntu_chrome_discord_1048.pcap,discord
ubuntu_chrome_discord_1052.pcap,discord
ubuntu_chrome_discord_1056.pcap,discord
ubuntu_chrome_discord_1058.pcap,discord
ubuntu_chrome_discord_1065.pcap,discord
ubuntu_chrome_discord_1077.pcap,discord
ubuntu_chrome_facebook_1006.pcap,facebook
ubuntu_chrome_facebook_101.pcap,facebook
ubuntu_chrome_facebook_1013.pcap,facebook
ubuntu_chrome_facebook_1016.pcap,facebook
ubuntu_chrome_facebook_1026.pcap,facebook
ubuntu_chrome_facebook_1027.pcap,facebook
ubuntu_chrome_facebook_1036.pcap,facebook
ubuntu_chrome_facebook_1047.pcap,facebook
ubuntu_chrome_facebook_1049.pcap,facebook
ubuntu_chrome_facebook_1061.pcap,facebook
ubuntu_chrome_facebook_1063.pcap,facebook
ubuntu_chrome_facebook_1064.pcap,facebook
ubuntu_chrome_facebook_1067.pcap,facebook
ubuntu_chrome_facebook_1073.pcap,facebook
ubuntu_chrome_facebook_1077.pcap,facebook
ubuntu_chrome_facebook_1079.pcap,facebook
ubuntu_chrome_facebook_1080.pcap,facebook
ubuntu_chrome_facebook_1085.pcap,facebook
ubuntu_chrome_facebook_1086.pcap,facebook
ubuntu_chrome_facebook_1088.pcap,facebook
ubuntu_chrome_facebook_1096.pcap,facebook
ubuntu_chrome_facebook_1101.pcap,facebook
ubuntu_chrome_facebook_1105.pcap,facebook
ubuntu_chrome_facebook_111.pcap,facebook
ubuntu_chrome_facebook_1113.pcap,facebook
ubuntu_chrome_google_102.pcap,google
ubuntu_chrome_google_103.pcap,google
ubuntu_chrome_google_106.pcap,google
ubuntu_chrome_google_124.pcap,google
ubuntu_chrome_google_127.pcap,google
ubuntu_chrome_google_135.pcap,google
ubuntu_chrome_google_136.pcap,google
ubuntu_chrome_google_146.pcap,google
ubuntu_chrome_google_147.pcap,google
ubuntu_chrome_google_154.pcap,google
ubuntu_chrome_google_156.pcap,google
ubuntu_chrome_google_164.pcap,google
ubuntu_chrome_google_166.pcap,google
ubuntu_chrome_google_170.pcap,google
ubuntu_chrome_google_172.pcap,google
ubuntu_chrome_google_174.pcap,google
ubuntu_chrome_google_175.pcap,google
ubuntu_chrome_google_178.pcap,google
ubuntu_chrome_google_185.pcap,google
ubuntu_chrome_google_188.pcap,google
ubuntu_chrome_google_190.pcap,google
ubuntu_chrome_google_191.pcap,google
ubuntu_chrome_google_192.pcap,google
ubuntu_chrome_google_198.pcap,google
ubuntu_chrome_google_201.pcap,google
ubuntu_firefox_snowflake_0.pcap,snowflake
ubuntu_firefox_snowflake_1.pcap,snowflake
ubuntu_firefox_snowflake_10.pcap,snowflake
ubuntu_firefox_snowflake_100.pcap,snowflake
ubuntu_firefox_snowflake_101.pcap,snowflake
ubuntu_firefox_snowflake_102.pcap,snowflake
ubuntu_firefox_snowflake_103.pcap,snowflake
ubuntu_firefox_snowflake_104.pcap,snowflake
ubuntu_firefox_snowflake_105.pcap,snowflake
ubuntu_firefox_snowflake_106.pcap,snowflake
ubuntu_firefox_snowflake_107.pcap,snowflake
ubuntu_firefox_snowflake_108.pcap,snowflake
ubuntu_firefox_snowflake_109.pcap,snowflake
ubuntu_firefox_snowflake_11.pcap,snowflake
ubuntu_firefox_snowflake_110.pcap,snowflake
ubuntu_firefox_snowflake_111.pcap,snowflake
ubuntu_firefox_snowflake_112.pcap,snowflake
ubuntu_firefox_snowflake_113.pcap,snowflake
ubuntu_firefox_snowflake_114.pcap,snowflake
ubuntu_firefox_snowflake_115.pcap,snowflake
ubuntu_firefox_snowflake_116.pcap,snowflake
ubuntu_firefox_snowflake_117.pcap,snowflake
ubuntu_firefox_snowflake_118.pcap,snowflake
ubuntu_firefox_snowflake_119.pcap,snowflake
ubuntu_firefox_snowflake_12.pcap,snowflake
